setting,episodes,success_rate,avg_steps,avg_accuracy,walker_return,mapper_return
baseline_0.98,100,0.56,321.77,0.8970833333333335,-10.895290476190214,86.73944285714195
strict_1.00,100,0.09,406.66,0.8986805555555556,-76.7041809523807,80.24768571428436
