{
  "episodes": 100,
  "success_rate": 0.09,
  "avg_steps": 406.66,
  "avg_accuracy": 0.8986805555555556,
  "avg_coverage": 0.8986805555555556,
  "walker_return": -76.7041809523807,
  "mapper_return": 80.24768571428436
}